market,sku,mu,sigma
MK-ATL,COLA33,44.2,7.4
MK-ATL,ENER25,11.5,3.2
MK-ATL,JUICE10,15.6,4.0
MK-ATL,SPARK10,24.7,7.0
MK-ATL,STILL15,33.0,6.2
MK-ATL,TEA50,23.5,3.6
MK-BOS,COLA33,34.9,10.2
MK-BOS,ENER25,9.5,2.4
MK-BOS,JUICE10,14.6,3.2
MK-BOS,SPARK10,16.2,3.5
MK-BOS,STILL15,27.3,8.0
MK-BOS,TEA50,17.7,3.6
MK-CHI,COLA33,48.5,8.7
MK-CHI,ENER25,15.1,3.1
MK-CHI,JUICE10,22.9,5.1
MK-CHI,SPARK10,30.2,7.3
MK-CHI,STILL15,38.3,8.5
MK-CHI,TEA50,28.7,5.1
MK-DEN,COLA33,30.1,6.2
MK-DEN,ENER25,7.6,2.0
MK-DEN,JUICE10,13.0,3.1
MK-DEN,SPARK10,17.5,3.5
MK-DEN,STILL15,24.9,5.5
MK-DEN,TEA50,16.9,2.5
MK-DTW,COLA33,25.9,5.0
MK-DTW,ENER25,8.3,1.5
MK-DTW,JUICE10,13.2,2.0
MK-DTW,SPARK10,14.9,3.6
MK-DTW,STILL15,19.3,3.4
MK-DTW,TEA50,12.3,2.6
MK-HOU,COLA33,38.4,6.9
MK-HOU,ENER25,14.8,2.8
MK-HOU,JUICE10,20.0,4.2
MK-HOU,SPARK10,26.6,5.1
MK-HOU,STILL15,34.2,6.0
MK-HOU,TEA50,27.0,6.9
MK-LAX,COLA33,57.7,10.3
MK-LAX,ENER25,18.6,2.8
MK-LAX,JUICE10,26.8,6.7
MK-LAX,SPARK10,39.5,10.1
MK-LAX,STILL15,60.3,10.9
MK-LAX,TEA50,38.2,7.7
MK-MIA,COLA33,42.1,6.5
MK-MIA,ENER25,12.9,3.4
MK-MIA,JUICE10,15.6,4.4
MK-MIA,SPARK10,22.3,6.4
MK-MIA,STILL15,33.7,8.3
MK-MIA,TEA50,23.4,5.0
MK-MSP,COLA33,26.0,4.8
MK-MSP,ENER25,8.5,2.3
MK-MSP,JUICE10,12.8,2.9
MK-MSP,SPARK10,16.2,4.7
MK-MSP,STILL15,25.4,3.8
MK-MSP,TEA50,14.7,2.3
MK-NYC,COLA33,70.1,20.8
MK-NYC,ENER25,18.4,4.6
MK-NYC,JUICE10,33.3,8.4
MK-NYC,SPARK10,40.7,6.6
MK-NYC,STILL15,61.0,14.7
MK-NYC,TEA50,35.2,5.9
MK-PHL,COLA33,31.1,5.5
MK-PHL,ENER25,10.1,1.8
MK-PHL,JUICE10,16.8,4.0
MK-PHL,SPARK10,20.8,5.2
MK-PHL,STILL15,28.6,8.1
MK-PHL,TEA50,18.5,4.5
MK-PHX,COLA33,38.3,6.2
MK-PHX,ENER25,9.2,1.5
MK-PHX,JUICE10,17.6,2.7
MK-PHX,SPARK10,21.3,6.3
MK-PHX,STILL15,31.2,4.7
MK-PHX,TEA50,19.7,3.9
MK-SEA,COLA33,36.2,7.0
MK-SEA,ENER25,8.3,1.5
MK-SEA,JUICE10,14.7,3.0
MK-SEA,SPARK10,16.7,4.5
MK-SEA,STILL15,28.0,4.2
MK-SEA,TEA50,18.1,3.0
MK-SFO,COLA33,34.0,8.6
MK-SFO,ENER25,10.5,1.6
MK-SFO,JUICE10,13.6,2.6
MK-SFO,SPARK10,18.7,5.5
MK-SFO,STILL15,34.2,9.3
MK-SFO,TEA50,17.8,3.5
