plant,sku,week,demand,produce,stock
Columbus,COLA33,1,214.9,214.9,0.0
Columbus,COLA33,2,219.8,696.1,476.2
Columbus,COLA33,3,232.0,0.0,244.2
Columbus,COLA33,4,244.2,0.0,0.0
Columbus,COLA33,5,263.8,1130.8,867.0
Columbus,COLA33,6,288.2,0.0,578.8
Columbus,COLA33,7,298.0,0.0,280.9
Columbus,COLA33,8,280.9,0.0,0.0
Columbus,COLA33,9,256.4,937.8,681.4
Columbus,COLA33,10,236.9,0.0,444.5
Columbus,COLA33,11,224.7,0.0,219.8
Columbus,COLA33,12,219.8,0.0,0.0
Columbus,ENER25,1,141.3,438.5,297.2
Columbus,ENER25,2,144.6,0.0,152.6
Columbus,ENER25,3,152.6,0.0,0.0
Columbus,ENER25,4,160.6,719.6,559.0
Columbus,ENER25,5,173.5,0.0,385.5
Columbus,ENER25,6,189.5,0.0,196.0
Columbus,ENER25,7,196.0,0.0,0.0
Columbus,ENER25,8,184.7,801.5,616.8
Columbus,ENER25,9,168.7,0.0,448.1
Columbus,ENER25,10,155.8,0.0,292.3
Columbus,ENER25,11,147.8,0.0,144.6
Columbus,ENER25,12,144.6,0.0,0.0
Columbus,SPARK10,1,120.8,244.4,123.6
Columbus,SPARK10,2,123.6,0.0,0.0
Columbus,SPARK10,3,130.4,1430.8,1300.3
Columbus,SPARK10,4,137.3,0.0,1163.0
Columbus,SPARK10,5,148.3,0.0,1014.7
Columbus,SPARK10,6,162.0,0.0,852.7
Columbus,SPARK10,7,167.5,0.0,685.2
Columbus,SPARK10,8,157.9,0.0,527.3
Columbus,SPARK10,9,144.2,0.0,383.1
Columbus,SPARK10,10,133.2,0.0,249.9
Columbus,SPARK10,11,126.3,0.0,123.6
Columbus,SPARK10,12,123.6,0.0,0.0
Columbus,STILL15,1,175.6,175.6,0.0
Columbus,STILL15,2,179.6,784.3,604.7
Columbus,STILL15,3,189.6,0.0,415.1
Columbus,STILL15,4,199.6,0.0,215.5
Columbus,STILL15,5,215.5,0.0,0.0
Columbus,STILL15,6,235.5,1474.9,1239.4
Columbus,STILL15,7,243.5,0.0,995.9
Columbus,STILL15,8,229.5,0.0,766.4
Columbus,STILL15,9,209.6,0.0,556.8
Columbus,STILL15,10,193.6,0.0,363.2
Columbus,STILL15,11,183.6,0.0,179.6
Columbus,STILL15,12,179.6,0.0,0.0
Columbus,TEA50,1,113.0,350.7,237.6
Columbus,TEA50,2,115.6,0.0,122.0
Columbus,TEA50,3,122.0,0.0,0.0
Columbus,TEA50,4,128.5,575.5,447.0
Columbus,TEA50,5,138.7,0.0,308.3
Columbus,TEA50,6,151.6,0.0,156.7
Columbus,TEA50,7,156.7,0.0,0.0
Columbus,TEA50,8,147.7,641.0,493.3
Columbus,TEA50,9,134.9,0.0,358.4
Columbus,TEA50,10,124.6,0.0,233.8
Columbus,TEA50,11,118.2,0.0,115.6
Columbus,TEA50,12,115.6,0.0,0.0
Dallas,COLA33,1,267.6,267.6,0.0
Dallas,COLA33,2,273.7,725.6,451.9
Dallas,COLA33,3,288.9,0.0,162.9
Dallas,COLA33,4,304.1,469.7,328.5
Dallas,COLA33,5,328.5,0.0,0.0
Dallas,COLA33,6,358.9,1079.7,720.8
Dallas,COLA33,7,371.0,0.0,349.8
Dallas,COLA33,8,349.8,0.0,0.0
Dallas,COLA33,9,319.3,1167.9,848.5
Dallas,COLA33,10,295.0,0.0,553.5
Dallas,COLA33,11,279.8,0.0,273.7
Dallas,COLA33,12,273.7,0.0,0.0
Dallas,JUICE10,1,169.1,169.1,0.0
Dallas,JUICE10,2,173.0,573.6,400.6
Dallas,JUICE10,3,182.6,0.0,218.0
Dallas,JUICE10,4,192.2,0.0,25.8
Dallas,JUICE10,5,207.6,408.6,226.8
Dallas,JUICE10,6,226.8,0.0,0.0
Dallas,JUICE10,7,234.5,1193.5,959.1
Dallas,JUICE10,8,221.0,0.0,738.0
Dallas,JUICE10,9,201.8,0.0,536.2
Dallas,JUICE10,10,186.4,0.0,349.8
Dallas,JUICE10,11,176.8,0.0,173.0
Dallas,JUICE10,12,173.0,0.0,0.0
Dallas,SPARK10,1,78.3,255.7,177.3
Dallas,SPARK10,2,80.1,0.0,97.2
Dallas,SPARK10,3,84.6,0.0,12.6
Dallas,SPARK10,4,89.0,830.3,754.0
Dallas,SPARK10,5,96.1,0.0,657.8
Dallas,SPARK10,6,105.0,0.0,552.8
Dallas,SPARK10,7,108.6,0.0,444.2
Dallas,SPARK10,8,102.4,0.0,341.8
Dallas,SPARK10,9,93.5,0.0,248.4
Dallas,SPARK10,10,86.3,0.0,162.0
Dallas,SPARK10,11,81.9,0.0,80.1
Dallas,SPARK10,12,80.1,0.0,0.0
Dallas,STILL15,1,106.3,215.0,108.7
Dallas,STILL15,2,108.7,0.0,0.0
Dallas,STILL15,3,114.7,1258.6,1143.9
Dallas,STILL15,4,120.8,0.0,1023.1
Dallas,STILL15,5,130.4,0.0,892.6
Dallas,STILL15,6,142.5,0.0,750.1
Dallas,STILL15,7,147.4,0.0,602.7
Dallas,STILL15,8,138.9,0.0,463.8
Dallas,STILL15,9,126.8,0.0,337.0
Dallas,STILL15,10,117.2,0.0,219.8
Dallas,STILL15,11,111.1,0.0,108.7
Dallas,STILL15,12,108.7,0.0,0.0
Dallas,TEA50,1,92.6,392.6,300.0
Dallas,TEA50,2,94.7,0.0,205.2
Dallas,TEA50,3,100.0,0.0,105.2
Dallas,TEA50,4,105.2,0.0,0.0
Dallas,TEA50,5,113.7,891.4,777.8
Dallas,TEA50,6,124.2,0.0,653.6
Dallas,TEA50,7,128.4,0.0,525.2
Dallas,TEA50,8,121.0,0.0,404.1
Dallas,TEA50,9,110.5,0.0,293.6
Dallas,TEA50,10,102.1,0.0,191.5
Dallas,TEA50,11,96.8,0.0,94.7
Dallas,TEA50,12,94.7,0.0,0.0
Sacramento,JUICE10,1,47.7,324.6,276.9
Sacramento,JUICE10,2,48.8,0.0,228.2
Sacramento,JUICE10,3,51.5,0.0,176.7
Sacramento,JUICE10,4,54.2,0.0,122.5
Sacramento,JUICE10,5,58.5,0.0,64.0
Sacramento,JUICE10,6,64.0,0.0,0.0
Sacramento,JUICE10,7,66.1,336.6,270.4
Sacramento,JUICE10,8,62.3,0.0,208.1
Sacramento,JUICE10,9,56.9,0.0,151.2
Sacramento,JUICE10,10,52.6,0.0,98.6
Sacramento,JUICE10,11,49.9,0.0,48.8
Sacramento,JUICE10,12,48.8,0.0,0.0
Sacramento,SPARK10,1,83.3,258.3,175.1
Sacramento,SPARK10,2,85.2,0.0,89.9
Sacramento,SPARK10,3,89.9,0.0,0.0
Sacramento,SPARK10,4,94.6,896.1,801.5
Sacramento,SPARK10,5,102.2,0.0,699.3
Sacramento,SPARK10,6,111.7,0.0,587.6
Sacramento,SPARK10,7,115.4,0.0,472.2
Sacramento,SPARK10,8,108.8,0.0,363.4
Sacramento,SPARK10,9,99.4,0.0,264.0
Sacramento,SPARK10,10,91.8,0.0,172.2
Sacramento,SPARK10,11,87.1,0.0,85.2
Sacramento,SPARK10,12,85.2,0.0,0.0
Sacramento,STILL15,1,133.0,133.0,0.0
Sacramento,STILL15,2,136.1,957.0,820.9
Sacramento,STILL15,3,143.6,0.0,677.3
Sacramento,STILL15,4,151.2,0.0,526.1
Sacramento,STILL15,5,163.3,0.0,362.8
Sacramento,STILL15,6,178.4,0.0,184.4
Sacramento,STILL15,7,184.4,0.0,0.0
Sacramento,STILL15,8,173.9,754.4,580.5
Sacramento,STILL15,9,158.7,0.0,421.8
Sacramento,STILL15,10,146.6,0.0,275.1
Sacramento,STILL15,11,139.1,0.0,136.1
Sacramento,STILL15,12,136.1,0.0,0.0
Sacramento,TEA50,1,64.1,350.6,286.4
Sacramento,TEA50,2,65.6,0.0,220.8
Sacramento,TEA50,3,69.2,0.0,151.6
Sacramento,TEA50,4,72.9,0.0,78.7
Sacramento,TEA50,5,78.7,0.0,0.0
Sacramento,TEA50,6,86.0,538.6,452.6
Sacramento,TEA50,7,88.9,0.0,363.7
Sacramento,TEA50,8,83.8,0.0,279.9
Sacramento,TEA50,9,76.5,0.0,203.3
Sacramento,TEA50,10,70.7,0.0,132.7
Sacramento,TEA50,11,67.1,0.0,65.6
Sacramento,TEA50,12,65.6,0.0,0.0
