dc,sku,mu,sigma,lead_time_weeks,sd_lt,safety_stock,safety_demand_only,reorder_point,avg_stock,safety_holding_week,holding_week
Atlanta,COLA33,86.3,9.8,1.1,0.4,57.4,16.7,148.6,100.6,42.5,74.4
Atlanta,ENER25,48.0,6.1,1.1,0.4,32.2,10.2,83.0,56.2,46.4,80.9
Atlanta,JUICE10,45.6,6.3,1.1,0.4,30.9,10.6,79.1,53.7,33.3,57.9
Atlanta,SPARK10,47.0,9.5,1.1,0.4,33.9,16.0,83.6,57.4,14.9,25.3
Atlanta,STILL15,66.7,10.4,1.1,0.4,45.9,17.5,116.4,79.3,17.1,29.5
Atlanta,TEA50,46.9,6.2,1.1,0.4,31.6,10.4,81.2,55.1,28.1,48.9
Dallas,COLA33,181.3,14.9,1.0,0.3,84.7,24.3,261.4,175.3,62.7,129.8
Dallas,ENER25,31.6,3.8,1.0,0.3,15.4,6.1,46.2,31.2,22.1,44.9
Dallas,JUICE10,101.9,9.2,1.0,0.3,48.0,15.0,147.3,98.9,51.8,106.7
Dallas,SPARK10,90.5,10.7,1.0,0.3,44.0,17.3,132.3,89.3,19.4,39.3
Dallas,STILL15,122.8,12.4,1.0,0.3,58.5,20.1,178.2,119.9,21.8,44.6
Dallas,TEA50,107.0,10.0,1.0,0.3,50.6,16.3,154.9,104.1,44.9,92.5
Newark,COLA33,162.0,24.3,1.2,0.3,97.3,43.8,291.0,178.3,72.0,132.0
Newark,ENER25,46.3,5.7,1.2,0.3,26.9,10.2,82.2,50.0,38.6,71.9
Newark,JUICE10,47.9,9.0,1.2,0.3,30.4,16.2,87.6,54.3,32.7,58.6
Newark,SPARK10,92.6,9.8,1.2,0.3,52.7,17.6,163.4,99.0,23.2,43.6
Newark,STILL15,136.2,18.9,1.2,0.3,80.6,34.0,243.5,148.7,30.0,55.3
Newark,TEA50,83.7,8.6,1.2,0.3,47.5,15.6,147.6,89.4,42.2,79.4
Los Angeles,COLA33,91.7,13.4,1.1,0.2,35.8,23.1,136.7,81.6,26.5,60.4
Los Angeles,ENER25,29.1,3.2,1.1,0.2,10.3,5.6,42.3,24.8,14.8,35.7
Los Angeles,JUICE10,40.4,7.2,1.1,0.2,17.3,12.4,61.7,37.5,18.6,40.4
Los Angeles,SPARK10,79.5,13.1,1.1,0.2,32.7,22.6,120.2,72.5,14.4,31.9
Los Angeles,STILL15,125.7,15.1,1.1,0.2,45.6,26.0,183.8,108.4,17.0,40.4
Los Angeles,TEA50,56.0,8.5,1.1,0.2,22.2,14.6,83.8,50.2,19.7,44.6
Seattle,COLA33,36.2,7.0,1.2,0.2,16.7,12.5,59.7,34.8,12.4,25.8
Seattle,ENER25,8.3,1.5,1.2,0.2,3.7,2.7,13.5,7.8,5.3,11.3
Seattle,JUICE10,14.7,3.0,1.2,0.2,7.0,5.4,24.4,14.4,7.6,15.5
Seattle,SPARK10,16.7,4.5,1.2,0.2,9.5,8.1,29.3,17.9,4.2,7.9
Seattle,STILL15,28.0,4.2,1.2,0.2,11.4,7.5,44.6,25.4,4.2,9.5
Seattle,TEA50,18.1,3.0,1.2,0.2,7.7,5.4,29.2,16.8,6.9,14.9
