seed,items,plants,dcs,markets,demand_pallets_week,service_radius_miles,demand_spread,capacity_widened,open_dcs,weekly_cost_usd,checks,passed
1,6,3,7,20,2762,1100,0.10-0.25,0,5,797378,33,33
2,9,2,4,13,1674,900,0.15-0.30,0,4,622708,37,37
3,8,2,4,12,2141,1300,0.15-0.30,0,3,913520,34,34
4,8,4,7,15,3014,1100,0.10-0.25,1,5,1172418,34,34
5,8,4,4,18,2692,1100,0.15-0.30,0,3,945302,33,33
6,6,3,6,13,3977,1300,0.10-0.25,0,5,1129545,34,34
7,9,3,6,19,3584,1100,0.10-0.25,4,4,1309291,35,35
8,8,2,4,20,4307,1100,0.10-0.25,0,4,1510976,36,36
9,6,4,7,13,2527,1100,0.15-0.30,0,5,772468,34,34
10,8,4,5,12,2957,1100,0.10-0.25,0,3,1077579,33,33
