seed,check,passed,detail
1,ETL: items,True,
1,"ETL: plants (capacity, cost index, items)",True,
1,"ETL: DCs (fixed cost, weekly capacity, handling)",True,
1,ETL: market codes and cities,True,
1,"ETL: demand mean, every market x item",True,"120 pairs, max gap 0.00 pallets"
1,"ETL: demand spread, every market x item",True,max gap 0.00 pallets
1,ETL: plant-to-DC distances,True,
1,ETL: DC-to-market distances,True,
1,ETL: cost terms,True,
1,ETL: seasonal profile from the demand planners,True,
1,ETL: lead times measured from receipts match order processing plus driving time,True,max gap 0.011 weeks
1,MODELS: the chain is feasible,True,
1,MODELS: same open DCs on true and recovered data,True,"Charlotte, Chicago, Memphis, Salt Lake City, Houston"
1,MODELS: weekly cost within 0.01% on true and recovered data,True,"797,378 vs 797,378"
1,PLAN: every market's demand is met exactly,True,
1,PLAN: what enters each DC equals what leaves,True,
1,PLAN: no plant above the planning limit in the peak week,True,
1,PLAN: no DC above the planning limit in the peak week,True,busiest 90%
1,PLAN: every delivery is within the service radius,True,"1,100 miles"
1,PLAN: every plant only makes items it can make,True,
1,PLAN: production never exceeds a plant's weekly capacity,True,solver tolerance 0.001 pallet
1,PLAN: every item's production covers its demand,True,
1,PLAN: no stock sits longer than the shelf-life limit,True,"limits in weeks: STI00 27, SPA01 30, COL02 14, ICE03 10, ENE04 17, COC05 12"
1,WW: the capacity-aware plan never beats the textbook lower bound,True,"$204,440 vs $124,190"
1,WW: plants where the two differ are exactly those where the textbook plan overloads capacity,True,3 differ
1,WW: forcing the capacity solver gives the same cost as the fast path,True,
1,"STOCK: with lead-time risk, never below demand-only",True,
1,STOCK: fill rate at or above the cycle service level,True,99.3% vs 95%
1,STOCK: higher service level means more stock,True,
1,STOCK: DC volumes add up to total demand,True,
1,BRUTE FORCE: the model's DC choice is the cheapest of every workable set on network cost,True,127 sets tried
1,ANALYTICS: savings waterfall adds up,True,
1,ANALYTICS: headroom is the edge of feasibility,True,+98%
2,ETL: items,True,
2,"ETL: plants (capacity, cost index, items)",True,
2,"ETL: DCs (fixed cost, weekly capacity, handling)",True,
2,ETL: market codes and cities,True,
2,"ETL: demand mean, every market x item",True,"117 pairs, max gap 0.00 pallets"
2,"ETL: demand spread, every market x item",True,max gap 0.00 pallets
2,ETL: plant-to-DC distances,True,
2,ETL: DC-to-market distances,True,
2,ETL: cost terms,True,
2,ETL: seasonal profile from the demand planners,True,
2,ETL: lead times measured from receipts match order processing plus driving time,True,max gap 0.010 weeks
2,MODELS: the chain is feasible,True,
2,MODELS: same open DCs on true and recovered data,True,"Atlanta, Chicago, Orlando, Las Vegas"
2,MODELS: weekly cost within 0.01% on true and recovered data,True,"622,708 vs 622,708"
2,PLAN: every market's demand is met exactly,True,
2,PLAN: what enters each DC equals what leaves,True,
2,PLAN: no plant above the planning limit in the peak week,True,
2,PLAN: no DC above the planning limit in the peak week,True,busiest 90%
2,PLAN: every delivery is within the service radius,True,"1,100 miles"
2,PLAN: every plant only makes items it can make,True,
2,PLAN: production never exceeds a plant's weekly capacity,True,solver tolerance 0.001 pallet
2,PLAN: every item's production covers its demand,True,
2,PLAN: no stock sits longer than the shelf-life limit,True,"limits in weeks: STI00 24, SPA01 24, COL02 11, LEM03 12, ICE04 8, ORA05 6, ENE06 16, SPO07 11, COC08 10"
2,WW: the capacity-aware plan never beats the textbook lower bound,True,"$179,370 vs $122,025"
2,WW: plants where the two differ are exactly those where the textbook plan overloads capacity,True,2 differ
2,WW: forcing the capacity solver gives the same cost as the fast path,True,
2,"STOCK: with lead-time risk, never below demand-only",True,
2,STOCK: fill rate at or above the cycle service level,True,99.5% vs 95%
2,STOCK: higher service level means more stock,True,
2,STOCK: DC volumes add up to total demand,True,
2,BRUTE FORCE: the model's DC choice is the cheapest of every workable set on network cost,True,15 sets tried
2,ANALYTICS: savings waterfall adds up,True,
2,"ANALYTICS: losing Nashville stops SPA01 (single-sourced), so the model reports infeasible",True,
2,"ANALYTICS: losing Salt Lake City stops ENE06 (single-sourced), so the model reports infeasible",True,
2,"ANALYTICS: losing Salt Lake City stops SPO07 (single-sourced), so the model reports infeasible",True,
2,"ANALYTICS: losing Nashville stops COC08 (single-sourced), so the model reports infeasible",True,
2,ANALYTICS: headroom is the edge of feasibility,True,+1%
3,ETL: items,True,
3,"ETL: plants (capacity, cost index, items)",True,
3,"ETL: DCs (fixed cost, weekly capacity, handling)",True,
3,ETL: market codes and cities,True,
3,"ETL: demand mean, every market x item",True,"96 pairs, max gap 0.00 pallets"
3,"ETL: demand spread, every market x item",True,max gap 0.00 pallets
3,ETL: plant-to-DC distances,True,
3,ETL: DC-to-market distances,True,
3,ETL: cost terms,True,
3,ETL: seasonal profile from the demand planners,True,
3,ETL: lead times measured from receipts match order processing plus driving time,True,max gap 0.012 weeks
3,MODELS: the chain is feasible,True,
3,MODELS: same open DCs on true and recovered data,True,"Dallas, Portland, Nashville"
3,MODELS: weekly cost within 0.01% on true and recovered data,True,"913,520 vs 913,520"
3,PLAN: every market's demand is met exactly,True,
3,PLAN: what enters each DC equals what leaves,True,
3,PLAN: no plant above the planning limit in the peak week,True,
3,PLAN: no DC above the planning limit in the peak week,True,busiest 70%
3,PLAN: every delivery is within the service radius,True,"1,100 miles"
3,PLAN: every plant only makes items it can make,True,
3,PLAN: production never exceeds a plant's weekly capacity,True,solver tolerance 0.001 pallet
3,PLAN: every item's production covers its demand,True,
3,PLAN: no stock sits longer than the shelf-life limit,True,"limits in weeks: STI00 28, SPA01 20, COL02 13, LEM03 11, ICE04 11, ORA05 4, ENE06 12, SPO07 11"
3,WW: the capacity-aware plan never beats the textbook lower bound,True,"$134,786 vs $118,356"
3,WW: plants where the two differ are exactly those where the textbook plan overloads capacity,True,2 differ
3,WW: forcing the capacity solver gives the same cost as the fast path,True,
3,"STOCK: with lead-time risk, never below demand-only",True,
3,STOCK: fill rate at or above the cycle service level,True,99.4% vs 95%
3,STOCK: higher service level means more stock,True,
3,STOCK: DC volumes add up to total demand,True,
3,BRUTE FORCE: the model's DC choice is the cheapest of every workable set on network cost,True,15 sets tried
3,ANALYTICS: savings waterfall adds up,True,
3,"ANALYTICS: losing Portland stops SPA01 (single-sourced), so the model reports infeasible",True,
3,ANALYTICS: headroom is the edge of feasibility,True,+44%
4,ETL: items,True,
4,"ETL: plants (capacity, cost index, items)",True,
4,"ETL: DCs (fixed cost, weekly capacity, handling)",True,
4,ETL: market codes and cities,True,
4,"ETL: demand mean, every market x item",True,"120 pairs, max gap 0.00 pallets"
4,"ETL: demand spread, every market x item",True,max gap 0.00 pallets
4,ETL: plant-to-DC distances,True,
4,ETL: DC-to-market distances,True,
4,ETL: cost terms,True,
4,ETL: seasonal profile from the demand planners,True,
4,ETL: lead times measured from receipts match order processing plus driving time,True,max gap 0.010 weeks
4,MODELS: the chain is feasible,True,
4,MODELS: same open DCs on true and recovered data,True,"Kansas City, Columbus, Orlando, Denver, Chicago"
4,MODELS: weekly cost within 0.01% on true and recovered data,True,"1,172,418 vs 1,172,418"
4,PLAN: every market's demand is met exactly,True,
4,PLAN: what enters each DC equals what leaves,True,
4,PLAN: no plant above the planning limit in the peak week,True,
4,PLAN: no DC above the planning limit in the peak week,True,busiest 90%
4,PLAN: every delivery is within the service radius,True,"1,100 miles"
4,PLAN: every plant only makes items it can make,True,
4,PLAN: production never exceeds a plant's weekly capacity,True,solver tolerance 0.001 pallet
4,PLAN: every item's production covers its demand,True,
4,PLAN: no stock sits longer than the shelf-life limit,True,"limits in weeks: STI00 30, SPA01 26, COL02 15, ICE03 8, ORA04 6, ENE05 18, SPO06 10, COC07 11"
4,WW: the capacity-aware plan never beats the textbook lower bound,True,"$216,535 vs $154,330"
4,WW: plants where the two differ are exactly those where the textbook plan overloads capacity,True,4 differ
4,WW: forcing the capacity solver gives the same cost as the fast path,True,
4,"STOCK: with lead-time risk, never below demand-only",True,
4,STOCK: fill rate at or above the cycle service level,True,99.3% vs 95%
4,STOCK: higher service level means more stock,True,
4,STOCK: DC volumes add up to total demand,True,
4,BRUTE FORCE: the model's DC choice is the cheapest of every workable set on network cost,True,127 sets tried
4,ANALYTICS: savings waterfall adds up,True,
4,"ANALYTICS: losing Pittsburgh stops COC07 (single-sourced), so the model reports infeasible",True,
4,ANALYTICS: headroom is the edge of feasibility,True,+8%
5,ETL: items,True,
5,"ETL: plants (capacity, cost index, items)",True,
5,"ETL: DCs (fixed cost, weekly capacity, handling)",True,
5,ETL: market codes and cities,True,
5,"ETL: demand mean, every market x item",True,"144 pairs, max gap 0.00 pallets"
5,"ETL: demand spread, every market x item",True,max gap 0.00 pallets
5,ETL: plant-to-DC distances,True,
5,ETL: DC-to-market distances,True,
5,ETL: cost terms,True,
5,ETL: seasonal profile from the demand planners,True,
5,ETL: lead times measured from receipts match order processing plus driving time,True,max gap 0.006 weeks
5,MODELS: the chain is feasible,True,
5,MODELS: same open DCs on true and recovered data,True,"Dallas, Salt Lake City, Orlando"
5,MODELS: weekly cost within 0.01% on true and recovered data,True,"945,302 vs 945,302"
5,PLAN: every market's demand is met exactly,True,
5,PLAN: what enters each DC equals what leaves,True,
5,PLAN: no plant above the planning limit in the peak week,True,
5,PLAN: no DC above the planning limit in the peak week,True,busiest 88%
5,PLAN: every delivery is within the service radius,True,"1,100 miles"
5,PLAN: every plant only makes items it can make,True,
5,PLAN: production never exceeds a plant's weekly capacity,True,solver tolerance 0.001 pallet
5,PLAN: every item's production covers its demand,True,
5,PLAN: no stock sits longer than the shelf-life limit,True,"limits in weeks: STI00 29, SPA01 20, COL02 12, LEM03 14, ICE04 9, ENE05 13, SPO06 14, COC07 15"
5,WW: the capacity-aware plan never beats the textbook lower bound,True,"$282,792 vs $204,994"
5,WW: plants where the two differ are exactly those where the textbook plan overloads capacity,True,4 differ
5,WW: forcing the capacity solver gives the same cost as the fast path,True,
5,"STOCK: with lead-time risk, never below demand-only",True,
5,STOCK: fill rate at or above the cycle service level,True,99.3% vs 95%
5,STOCK: higher service level means more stock,True,
5,STOCK: DC volumes add up to total demand,True,
5,BRUTE FORCE: the model's DC choice is the cheapest of every workable set on network cost,True,15 sets tried
5,ANALYTICS: savings waterfall adds up,True,
5,ANALYTICS: headroom is the edge of feasibility,True,+40%
6,ETL: items,True,
6,"ETL: plants (capacity, cost index, items)",True,
6,"ETL: DCs (fixed cost, weekly capacity, handling)",True,
6,ETL: market codes and cities,True,
6,"ETL: demand mean, every market x item",True,"78 pairs, max gap 0.00 pallets"
6,"ETL: demand spread, every market x item",True,max gap 0.00 pallets
6,ETL: plant-to-DC distances,True,
6,ETL: DC-to-market distances,True,
6,ETL: cost terms,True,
6,ETL: seasonal profile from the demand planners,True,
6,ETL: lead times measured from receipts match order processing plus driving time,True,max gap 0.015 weeks
6,MODELS: the chain is feasible,True,
6,MODELS: same open DCs on true and recovered data,True,"Denver, Salt Lake City, Indianapolis, Atlanta, Memphis"
6,MODELS: weekly cost within 0.01% on true and recovered data,True,"1,129,545 vs 1,129,545"
6,PLAN: every market's demand is met exactly,True,
6,PLAN: what enters each DC equals what leaves,True,
6,PLAN: no plant above the planning limit in the peak week,True,
6,PLAN: no DC above the planning limit in the peak week,True,busiest 90%
6,PLAN: every delivery is within the service radius,True,"1,100 miles"
6,PLAN: every plant only makes items it can make,True,
6,PLAN: production never exceeds a plant's weekly capacity,True,solver tolerance 0.001 pallet
6,PLAN: every item's production covers its demand,True,
6,PLAN: no stock sits longer than the shelf-life limit,True,"limits in weeks: STI00 25, SPA01 24, COL02 14, LEM03 12, ORA04 7, SPO05 14"
6,WW: the capacity-aware plan never beats the textbook lower bound,True,"$166,859 vs $149,406"
6,WW: plants where the two differ are exactly those where the textbook plan overloads capacity,True,2 differ
6,WW: forcing the capacity solver gives the same cost as the fast path,True,
6,"STOCK: with lead-time risk, never below demand-only",True,
6,STOCK: fill rate at or above the cycle service level,True,99.4% vs 95%
6,STOCK: higher service level means more stock,True,
6,STOCK: DC volumes add up to total demand,True,
6,BRUTE FORCE: the model's DC choice is the cheapest of every workable set on network cost,True,63 sets tried
6,ANALYTICS: savings waterfall adds up,True,
6,"ANALYTICS: losing Phoenix stops LEM03 (single-sourced), so the model reports infeasible",True,
6,ANALYTICS: headroom is the edge of feasibility,True,+94%
7,ETL: items,True,
7,"ETL: plants (capacity, cost index, items)",True,
7,"ETL: DCs (fixed cost, weekly capacity, handling)",True,
7,ETL: market codes and cities,True,
7,"ETL: demand mean, every market x item",True,"171 pairs, max gap 0.00 pallets"
7,"ETL: demand spread, every market x item",True,max gap 0.00 pallets
7,ETL: plant-to-DC distances,True,
7,ETL: DC-to-market distances,True,
7,ETL: cost terms,True,
7,ETL: seasonal profile from the demand planners,True,
7,ETL: lead times measured from receipts match order processing plus driving time,True,max gap 0.010 weeks
7,MODELS: the chain is feasible,True,
7,MODELS: same open DCs on true and recovered data,True,"Chicago, Kansas City, Newark, Los Angeles"
7,MODELS: weekly cost within 0.01% on true and recovered data,True,"1,309,291 vs 1,309,291"
7,PLAN: every market's demand is met exactly,True,
7,PLAN: what enters each DC equals what leaves,True,
7,PLAN: no plant above the planning limit in the peak week,True,
7,PLAN: no DC above the planning limit in the peak week,True,busiest 90%
7,PLAN: every delivery is within the service radius,True,"1,100 miles"
7,PLAN: every plant only makes items it can make,True,
7,PLAN: production never exceeds a plant's weekly capacity,True,solver tolerance 0.001 pallet
7,PLAN: every item's production covers its demand,True,
7,PLAN: no stock sits longer than the shelf-life limit,True,"limits in weeks: STI00 23, SPA01 29, COL02 13, LEM03 15, ICE04 9, ORA05 6, ENE06 13, SPO07 12, COC08 15"
7,WW: the capacity-aware plan never beats the textbook lower bound,True,"$275,608 vs $228,198"
7,WW: plants where the two differ are exactly those where the textbook plan overloads capacity,True,2 differ
7,WW: forcing the capacity solver gives the same cost as the fast path,True,
7,"STOCK: with lead-time risk, never below demand-only",True,
7,STOCK: fill rate at or above the cycle service level,True,99.4% vs 95%
7,STOCK: higher service level means more stock,True,
7,STOCK: DC volumes add up to total demand,True,
7,BRUTE FORCE: the model's DC choice is the cheapest of every workable set on network cost,True,63 sets tried
7,ANALYTICS: savings waterfall adds up,True,
7,"ANALYTICS: losing Pittsburgh stops COL02 (single-sourced), so the model reports infeasible",True,
7,"ANALYTICS: losing Pittsburgh stops ORA05 (single-sourced), so the model reports infeasible",True,
7,ANALYTICS: headroom is the edge of feasibility,True,+16%
8,ETL: items,True,
8,"ETL: plants (capacity, cost index, items)",True,
8,"ETL: DCs (fixed cost, weekly capacity, handling)",True,
8,ETL: market codes and cities,True,
8,"ETL: demand mean, every market x item",True,"160 pairs, max gap 0.00 pallets"
8,"ETL: demand spread, every market x item",True,max gap 0.00 pallets
8,ETL: plant-to-DC distances,True,
8,ETL: DC-to-market distances,True,
8,ETL: cost terms,True,
8,ETL: seasonal profile from the demand planners,True,
8,ETL: lead times measured from receipts match order processing plus driving time,True,max gap 0.005 weeks
8,MODELS: the chain is feasible,True,
8,MODELS: same open DCs on true and recovered data,True,"Memphis, Newark, Denver, Seattle"
8,MODELS: weekly cost within 0.01% on true and recovered data,True,"1,510,976 vs 1,510,976"
8,PLAN: every market's demand is met exactly,True,
8,PLAN: what enters each DC equals what leaves,True,
8,PLAN: no plant above the planning limit in the peak week,True,
8,PLAN: no DC above the planning limit in the peak week,True,busiest 90%
8,PLAN: every delivery is within the service radius,True,"1,100 miles"
8,PLAN: every plant only makes items it can make,True,
8,PLAN: production never exceeds a plant's weekly capacity,True,solver tolerance 0.001 pallet
8,PLAN: every item's production covers its demand,True,
8,PLAN: no stock sits longer than the shelf-life limit,True,"limits in weeks: STI00 24, SPA01 22, COL02 12, LEM03 11, ORA04 4, ENE05 14, SPO06 12, COC07 13"
8,WW: the capacity-aware plan never beats the textbook lower bound,True,"$191,242 vs $176,000"
8,WW: plants where the two differ are exactly those where the textbook plan overloads capacity,True,2 differ
8,WW: forcing the capacity solver gives the same cost as the fast path,True,
8,"STOCK: with lead-time risk, never below demand-only",True,
8,STOCK: fill rate at or above the cycle service level,True,99.3% vs 95%
8,STOCK: higher service level means more stock,True,
8,STOCK: DC volumes add up to total demand,True,
8,BRUTE FORCE: the model's DC choice is the cheapest of every workable set on network cost,True,15 sets tried
8,ANALYTICS: savings waterfall adds up,True,
8,"ANALYTICS: losing Chicago stops ORA04 (single-sourced), so the model reports infeasible",True,
8,"ANALYTICS: losing Sacramento stops ENE05 (single-sourced), so the model reports infeasible",True,
8,"ANALYTICS: losing Sacramento stops COC07 (single-sourced), so the model reports infeasible",True,
8,ANALYTICS: headroom is the edge of feasibility,True,+23%
9,ETL: items,True,
9,"ETL: plants (capacity, cost index, items)",True,
9,"ETL: DCs (fixed cost, weekly capacity, handling)",True,
9,ETL: market codes and cities,True,
9,"ETL: demand mean, every market x item",True,"78 pairs, max gap 0.00 pallets"
9,"ETL: demand spread, every market x item",True,max gap 0.00 pallets
9,ETL: plant-to-DC distances,True,
9,ETL: DC-to-market distances,True,
9,ETL: cost terms,True,
9,ETL: seasonal profile from the demand planners,True,
9,ETL: lead times measured from receipts match order processing plus driving time,True,max gap 0.011 weeks
9,MODELS: the chain is feasible,True,
9,MODELS: same open DCs on true and recovered data,True,"Orlando, Kansas City, Charlotte, Los Angeles, Portland"
9,MODELS: weekly cost within 0.01% on true and recovered data,True,"772,468 vs 772,468"
9,PLAN: every market's demand is met exactly,True,
9,PLAN: what enters each DC equals what leaves,True,
9,PLAN: no plant above the planning limit in the peak week,True,
9,PLAN: no DC above the planning limit in the peak week,True,busiest 90%
9,PLAN: every delivery is within the service radius,True,"1,100 miles"
9,PLAN: every plant only makes items it can make,True,
9,PLAN: production never exceeds a plant's weekly capacity,True,solver tolerance 0.001 pallet
9,PLAN: every item's production covers its demand,True,
9,PLAN: no stock sits longer than the shelf-life limit,True,"limits in weeks: SPA00 29, COL01 11, LEM02 14, ICE03 12, ENE04 16, SPO05 14"
9,WW: the capacity-aware plan never beats the textbook lower bound,True,"$274,204 vs $190,053"
9,WW: plants where the two differ are exactly those where the textbook plan overloads capacity,True,3 differ
9,WW: forcing the capacity solver gives the same cost as the fast path,True,
9,"STOCK: with lead-time risk, never below demand-only",True,
9,STOCK: fill rate at or above the cycle service level,True,99.4% vs 95%
9,STOCK: higher service level means more stock,True,
9,STOCK: DC volumes add up to total demand,True,
9,BRUTE FORCE: the model's DC choice is the cheapest of every workable set on network cost,True,127 sets tried
9,ANALYTICS: savings waterfall adds up,True,
9,"ANALYTICS: losing Atlanta stops LEM02 (single-sourced), so the model reports infeasible",True,
9,ANALYTICS: headroom is the edge of feasibility,True,+100%
10,ETL: items,True,
10,"ETL: plants (capacity, cost index, items)",True,
10,"ETL: DCs (fixed cost, weekly capacity, handling)",True,
10,ETL: market codes and cities,True,
10,"ETL: demand mean, every market x item",True,"96 pairs, max gap 0.00 pallets"
10,"ETL: demand spread, every market x item",True,max gap 0.00 pallets
10,ETL: plant-to-DC distances,True,
10,ETL: DC-to-market distances,True,
10,ETL: cost terms,True,
10,ETL: seasonal profile from the demand planners,True,
10,ETL: lead times measured from receipts match order processing plus driving time,True,max gap 0.008 weeks
10,MODELS: the chain is feasible,True,
10,MODELS: same open DCs on true and recovered data,True,"Memphis, Portland, Charlotte"
10,MODELS: weekly cost within 0.01% on true and recovered data,True,"1,077,579 vs 1,077,579"
10,PLAN: every market's demand is met exactly,True,
10,PLAN: what enters each DC equals what leaves,True,
10,PLAN: no plant above the planning limit in the peak week,True,
10,PLAN: no DC above the planning limit in the peak week,True,busiest 67%
10,PLAN: every delivery is within the service radius,True,"1,100 miles"
10,PLAN: every plant only makes items it can make,True,
10,PLAN: production never exceeds a plant's weekly capacity,True,solver tolerance 0.001 pallet
10,PLAN: every item's production covers its demand,True,
10,PLAN: no stock sits longer than the shelf-life limit,True,"limits in weeks: STI00 26, SPA01 22, COL02 11, ICE03 10, ORA04 4, ENE05 14, SPO06 14, COC07 14"
10,WW: the capacity-aware plan never beats the textbook lower bound,True,"$434,619 vs $221,956"
10,WW: plants where the two differ are exactly those where the textbook plan overloads capacity,True,4 differ
10,WW: forcing the capacity solver gives the same cost as the fast path,True,
10,"STOCK: with lead-time risk, never below demand-only",True,
10,STOCK: fill rate at or above the cycle service level,True,99.3% vs 95%
10,STOCK: higher service level means more stock,True,
10,STOCK: DC volumes add up to total demand,True,
10,BRUTE FORCE: the model's DC choice is the cheapest of every workable set on network cost,True,31 sets tried
10,ANALYTICS: savings waterfall adds up,True,
10,ANALYTICS: headroom is the edge of feasibility,True,+44%
