assumption,value,status,weekly_cost_usd,change_vs_base,open_dcs
Delivery radius (miles),900.0,feasible,658242.0038,0.012,"Atlanta, Chicago, Newark, Dallas, Los Angeles, Seattle"
Delivery radius (miles),1100.0,feasible,650458.4939,0.0,"Atlanta, Newark, Dallas, Los Angeles, Seattle"
Delivery radius (miles),1300.0,feasible,633259.5546,-0.0264,"Chicago, Newark, Dallas, Los Angeles"
Capacity margin (share of peak-week capacity planned),0.85,feasible,650458.4939,0.0,"Atlanta, Newark, Dallas, Los Angeles, Seattle"
Capacity margin (share of peak-week capacity planned),0.9,feasible,650458.4939,0.0,"Atlanta, Newark, Dallas, Los Angeles, Seattle"
Capacity margin (share of peak-week capacity planned),0.95,feasible,650458.4939,0.0,"Atlanta, Newark, Dallas, Los Angeles, Seattle"
Shelf-life cover share,0.4,feasible,650607.5237,0.0002,"Atlanta, Newark, Dallas, Los Angeles, Seattle"
Shelf-life cover share,0.5,feasible,650458.4939,0.0,"Atlanta, Newark, Dallas, Los Angeles, Seattle"
Shelf-life cover share,0.6,feasible,650435.8198,-0.0,"Atlanta, Newark, Dallas, Los Angeles, Seattle"
Holding rate (share of value a year),0.15,feasible,649029.9371,-0.0022,"Atlanta, Newark, Dallas, Los Angeles, Seattle"
Holding rate (share of value a year),0.22,feasible,650458.4939,0.0,"Atlanta, Newark, Dallas, Los Angeles, Seattle"
Holding rate (share of value a year),0.3,feasible,652013.8661,0.0024,"Atlanta, Newark, Dallas, Los Angeles, Seattle"
Freight rate (USD per pallet-mile),0.085,feasible,623207.6344,-0.0419,"Atlanta, Newark, Dallas, Los Angeles, Seattle"
Freight rate (USD per pallet-mile),0.1,feasible,650458.4939,0.0,"Atlanta, Newark, Dallas, Los Angeles, Seattle"
Freight rate (USD per pallet-mile),0.115,feasible,677467.0464,0.0415,"Atlanta, Chicago, Newark, Dallas, Los Angeles, Seattle"
Road factor (road miles / straight line),1.1,feasible,634733.0,-0.0242,"Atlanta, Newark, Dallas, Los Angeles"
Road factor (road miles / straight line),1.15,feasible,650458.4939,0.0,"Atlanta, Newark, Dallas, Los Angeles, Seattle"
Road factor (road miles / straight line),1.2,feasible,658317.9639,0.0121,"Atlanta, Newark, Dallas, Los Angeles, Seattle"
