planning_week,demand_index,source
1,0.8655737704918032,demand planning team (S&OP seasonal profile)
2,0.8852459016393441,demand planning team (S&OP seasonal profile)
3,0.9344262295081965,demand planning team (S&OP seasonal profile)
4,0.983606557377049,demand planning team (S&OP seasonal profile)
5,1.062295081967213,demand planning team (S&OP seasonal profile)
6,1.1606557377049178,demand planning team (S&OP seasonal profile)
7,1.1999999999999997,demand planning team (S&OP seasonal profile)
8,1.1311475409836063,demand planning team (S&OP seasonal profile)
9,1.0327868852459015,demand planning team (S&OP seasonal profile)
10,0.9540983606557375,demand planning team (S&OP seasonal profile)
11,0.9049180327868851,demand planning team (S&OP seasonal profile)
12,0.8852459016393441,demand planning team (S&OP seasonal profile)
