lane_id,origin_code,dest_code,lane_type,distance,distance_unit
LN0001,PL-COL,DC-ATL,INBOUND,501.0,mi
LN0002,PL-COL,DC-CHI,INBOUND,318.0,mi
LN0003,PL-COL,DC-EWR,INBOUND,537.0,mi
LN0004,PL-COL,DC-DFW,INBOUND,1050.0,mi
LN0005,PL-COL,DC-LAX,INBOUND,2270.0,mi
LN0006,PL-COL,DC-SEA,INBOUND,2310.0,mi
LN0007,PL-DAL,DC-ATL,INBOUND,828.0,mi
LN0008,PL-DAL,DC-CHI,INBOUND,925.0,mi
LN0009,PL-DAL,DC-EWR,INBOUND,1567.0,mi
LN0010,PL-DAL,DC-DFW,INBOUND,0.0,mi
LN0011,PL-DAL,DC-LAX,INBOUND,1423.0,mi
LN0012,PL-DAL,DC-SEA,INBOUND,1931.0,mi
LN0013,PL-SAC,DC-ATL,INBOUND,2394.0,mi
LN0014,PL-SAC,DC-CHI,INBOUND,2057.0,mi
LN0015,PL-SAC,DC-EWR,INBOUND,2864.0,mi
LN0016,PL-SAC,DC-DFW,INBOUND,1653.0,mi
LN0017,PL-SAC,DC-LAX,INBOUND,416.0,mi
LN0018,PL-SAC,DC-SEA,INBOUND,1157.12,km
LN0019,DC-ATL,MK-NYC,OUTBOUND,857.0,mi
LN0020,DC-ATL,MK-LAX,OUTBOUND,2222.0,mi
LN0021,DC-ATL,MK-CHI,OUTBOUND,677.0,mi
LN0022,DC-ATL,MK-HOU,OUTBOUND,806.0,mi
LN0023,DC-ATL,MK-PHX,OUTBOUND,1827.0,mi
LN0024,DC-ATL,MK-PHL,OUTBOUND,765.0,mi
LN0025,DC-ATL,MK-ATL,OUTBOUND,0.0,km
LN0026,DC-ATL,MK-MIA,OUTBOUND,698.0,mi
LN0027,DC-ATL,MK-SEA,OUTBOUND,2505.0,mi
LN0028,DC-ATL,MK-DEN,OUTBOUND,2238.6,km
LN0029,DC-ATL,MK-BOS,OUTBOUND,1076.0,mi
LN0030,DC-ATL,MK-MSP,OUTBOUND,1044.0,mi
LN0031,DC-ATL,MK-DTW,OUTBOUND,1105.62,km
LN0032,DC-ATL,MK-SFO,OUTBOUND,2456.0,mi
LN0033,DC-CHI,MK-NYC,OUTBOUND,818.0,mi
LN0034,DC-CHI,MK-LAX,OUTBOUND,2004.0,mi
LN0035,DC-CHI,MK-CHI,OUTBOUND,0.0,mi
LN0036,DC-CHI,MK-HOU,OUTBOUND,1083.0,mi
LN0037,DC-CHI,MK-PHX,OUTBOUND,1669.0,mi
LN0038,DC-CHI,MK-PHL,OUTBOUND,763.0,mi
LN0039,DC-CHI,MK-ATL,OUTBOUND,677.0,mi
LN0040,DC-CHI,MK-MIA,OUTBOUND,1370.0,mi
LN0041,DC-CHI,MK-SEA,OUTBOUND,1993.0,mi
LN0042,DC-CHI,MK-DEN,OUTBOUND,1056.0,mi
LN0043,DC-CHI,MK-BOS,OUTBOUND,976.0,mi
LN0044,DC-CHI,MK-MSP,OUTBOUND,408.0,mi
LN0045,DC-CHI,MK-DTW,OUTBOUND,437.74,km
LN0046,DC-CHI,MK-SFO,OUTBOUND,2133.0,mi
LN0047,DC-EWR,MK-NYC,OUTBOUND,10.0,mi
LN0048,DC-EWR,MK-LAX,OUTBOUND,2802.0,mi
LN0049,DC-EWR,MK-CHI,OUTBOUND,808.0,mi
LN0050,DC-EWR,MK-HOU,OUTBOUND,1622.0,mi
LN0051,DC-EWR,MK-PHX,OUTBOUND,2451.0,mi
LN0052,DC-EWR,MK-PHL,OUTBOUND,87.0,mi
LN0053,DC-EWR,MK-ATL,OUTBOUND,851.0,mi
LN0054,DC-EWR,MK-MIA,OUTBOUND,2019.73,km
LN0055,DC-EWR,MK-SEA,OUTBOUND,2752.0,mi
LN0056,DC-EWR,MK-DEN,OUTBOUND,1861.0,mi
LN0057,DC-EWR,MK-BOS,OUTBOUND,225.0,mi
LN0058,DC-EWR,MK-MSP,OUTBOUND,1159.0,mi
LN0059,DC-EWR,MK-DTW,OUTBOUND,543.0,mi
LN0060,DC-EWR,MK-SFO,OUTBOUND,2941.0,mi
LN0061,DC-DFW,MK-NYC,OUTBOUND,1576.0,mi
LN0062,DC-DFW,MK-LAX,OUTBOUND,1423.0,mi
LN0063,DC-DFW,MK-CHI,OUTBOUND,925.0,mi
LN0064,DC-DFW,MK-HOU,OUTBOUND,259.0,mi
LN0065,DC-DFW,MK-PHX,OUTBOUND,1017.0,mi
LN0066,DC-DFW,MK-PHL,OUTBOUND,1492.0,mi
LN0067,DC-DFW,MK-ATL,OUTBOUND,828.0,mi
LN0068,DC-DFW,MK-MIA,OUTBOUND,1277.0,mi
LN0069,DC-DFW,MK-SEA,OUTBOUND,1931.0,mi
LN0070,DC-DFW,MK-DEN,OUTBOUND,762.0,mi
LN0071,DC-DFW,MK-BOS,OUTBOUND,1781.0,mi
LN0072,DC-DFW,MK-MSP,OUTBOUND,993.0,mi
LN0073,DC-DFW,MK-DTW,OUTBOUND,1149.0,mi
LN0074,DC-DFW,MK-SFO,OUTBOUND,1703.0,mi
LN0075,DC-LAX,MK-NYC,OUTBOUND,2812.0,mi
LN0076,DC-LAX,MK-LAX,OUTBOUND,0.0,mi
LN0077,DC-LAX,MK-CHI,OUTBOUND,2004.0,mi
LN0078,DC-LAX,MK-HOU,OUTBOUND,1576.0,mi
LN0079,DC-LAX,MK-PHX,OUTBOUND,410.0,mi
LN0080,DC-LAX,MK-PHL,OUTBOUND,2746.0,mi
LN0081,DC-LAX,MK-ATL,OUTBOUND,2222.0,mi
LN0082,DC-LAX,MK-MIA,OUTBOUND,2686.0,mi
LN0083,DC-LAX,MK-SEA,OUTBOUND,1105.0,mi
LN0084,DC-LAX,MK-DEN,OUTBOUND,954.0,mi
LN0085,DC-LAX,MK-BOS,OUTBOUND,2979.0,mi
LN0086,DC-LAX,MK-MSP,OUTBOUND,1749.0,mi
LN0087,DC-LAX,MK-DTW,OUTBOUND,2276.0,mi
LN0088,DC-LAX,MK-SFO,OUTBOUND,400.0,mi
LN0089,DC-SEA,MK-NYC,OUTBOUND,2762.0,mi
LN0090,DC-SEA,MK-LAX,OUTBOUND,1105.0,mi
LN0091,DC-SEA,MK-CHI,OUTBOUND,1993.0,mi
LN0092,DC-SEA,MK-HOU,OUTBOUND,2173.0,mi
LN0093,DC-SEA,MK-PHX,OUTBOUND,1282.0,mi
LN0094,DC-SEA,MK-PHL,OUTBOUND,2729.0,mi
LN0095,DC-SEA,MK-ATL,OUTBOUND,2505.0,mi
LN0096,DC-SEA,MK-MIA,OUTBOUND,5056.56,km
LN0097,DC-SEA,MK-SEA,OUTBOUND,0.0,mi
LN0098,DC-SEA,MK-DEN,OUTBOUND,1886.15,km
LN0099,DC-SEA,MK-BOS,OUTBOUND,2858.0,mi
LN0100,DC-SEA,MK-MSP,OUTBOUND,1600.0,mi
LN0101,DC-SEA,MK-DTW,OUTBOUND,2223.0,mi
LN0102,DC-SEA,MK-SFO,OUTBOUND,1258.51,km
