receipt_id,dc_code,item_code,ship_date,receipt_date
GR00001,DC-ATL,SPARK10,2026-06-29,2026-07-06
GR00002,DC-ATL,COLA33,2025-11-16,2025-11-20
GR00003,DC-ATL,ENER25,2026-01-18,2026-01-27
GR00004,DC-ATL,JUICE10,2025-10-30,2025-11-08
GR00005,DC-ATL,COLA33,2025-09-29,2025-10-04
GR00006,DC-ATL,JUICE10,2026-05-17,2026-05-25
GR00007,DC-ATL,TEA50,2025-10-28,2025-11-07
GR00008,DC-ATL,JUICE10,2026-08-13,2026-08-20
GR00009,DC-ATL,ENER25,2026-04-30,2026-05-08
GR00010,DC-ATL,SPARK10,2026-06-06,2026-06-11
GR00011,DC-ATL,ENER25,2025-12-09,2025-12-14
GR00012,DC-ATL,TEA50,2026-04-20,2026-04-28
GR00013,DC-ATL,COLA33,2026-03-21,2026-03-25
GR00014,DC-ATL,COLA33,2026-08-07,2026-08-11
GR00015,DC-ATL,STILL15,2026-01-31,2026-02-11
GR00016,DC-ATL,STILL15,2025-11-16,2025-11-25
GR00017,DC-ATL,JUICE10,2026-04-28,2026-05-03
GR00018,DC-ATL,COLA33,2026-05-30,2026-06-01
GR00019,DC-ATL,TEA50,2025-09-13,2025-09-15
GR00020,DC-ATL,ENER25,2026-07-16,2026-07-22
GR00021,DC-ATL,TEA50,2026-07-07,2026-07-17
GR00022,DC-ATL,SPARK10,2026-02-27,2026-03-05
GR00023,DC-ATL,SPARK10,2026-08-15,2026-08-19
GR00024,DC-ATL,COLA33,2026-03-25,2026-04-02
GR00025,DC-ATL,JUICE10,2025-10-11,2025-10-21
GR00026,DC-ATL,TEA50,2026-05-19,2026-05-27
GR00027,DC-ATL,SPARK10,2025-12-01,2025-12-10
GR00028,DC-ATL,ENER25,2026-04-12,2026-04-18
GR00029,DC-ATL,ENER25,2026-03-17,2026-03-23
GR00030,DC-ATL,STILL15,2025-12-14,2025-12-18
GR00031,DC-ATL,TEA50,2026-08-02,2026-08-13
GR00032,DC-ATL,TEA50,2025-12-08,2025-12-16
GR00033,DC-ATL,COLA33,2026-03-31,2026-04-12
GR00034,DC-ATL,TEA50,2026-04-08,2026-04-20
GR00035,DC-ATL,TEA50,2026-04-30,2026-05-13
GR00036,DC-ATL,STILL15,2026-04-03,2026-04-11
GR00037,DC-ATL,STILL15,2026-02-16,2026-02-25
GR00038,DC-ATL,SPARK10,2026-06-02,2026-06-10
GR00039,DC-ATL,JUICE10,2025-10-13,2025-10-20
GR00040,DC-ATL,SPARK10,2025-11-11,2025-11-20
GR00041,DC-CHI,ENER25,2025-09-03,2025-09-09
GR00042,DC-CHI,TEA50,2025-10-30,2025-11-05
GR00043,DC-CHI,STILL15,2026-05-05,2026-05-14
GR00044,DC-CHI,COLA33,2026-04-14,2026-04-26
GR00045,DC-CHI,ENER25,2025-10-20,2025-10-27
GR00046,DC-CHI,STILL15,2026-05-20,2026-05-26
GR00047,DC-CHI,TEA50,2026-04-14,2026-04-24
GR00048,DC-CHI,ENER25,2026-07-03,2026-07-06
GR00049,DC-CHI,SPARK10,2026-04-11,2026-04-16
GR00050,DC-CHI,JUICE10,2026-08-26,2026-09-04
GR00051,DC-CHI,JUICE10,2025-11-27,2025-12-04
GR00052,DC-CHI,TEA50,2025-09-25,2025-09-30
GR00053,DC-CHI,COLA33,2025-09-19,2025-09-30
GR00054,DC-CHI,SPARK10,2026-07-31,2026-08-09
GR00055,DC-CHI,SPARK10,2025-09-11,2025-09-21
GR00056,DC-CHI,STILL15,2025-12-02,2025-12-10
GR00057,DC-CHI,ENER25,2026-07-20,2026-07-31
GR00058,DC-CHI,JUICE10,2026-07-15,2026-07-23
GR00059,DC-CHI,COLA33,2026-05-11,2026-05-19
GR00060,DC-CHI,ENER25,2026-02-12,2026-02-19
GR00061,DC-CHI,COLA33,2026-07-08,2026-07-16
GR00062,DC-CHI,STILL15,2026-06-23,2026-06-26
GR00063,DC-CHI,ENER25,2026-03-21,2026-03-26
GR00064,DC-CHI,COLA33,2026-01-31,2026-02-07
GR00065,DC-CHI,STILL15,2026-07-17,2026-07-24
GR00066,DC-CHI,ENER25,2026-01-21,2026-01-22
GR00067,DC-CHI,COLA33,2026-04-06,2026-04-15
GR00068,DC-CHI,ENER25,2025-11-04,2025-11-10
GR00069,DC-CHI,COLA33,2026-04-25,2026-05-03
GR00070,DC-CHI,TEA50,2026-07-19,2026-07-24
GR00071,DC-CHI,TEA50,2026-07-29,2026-08-06
GR00072,DC-CHI,TEA50,2025-10-09,2025-10-17
GR00073,DC-CHI,COLA33,2026-05-20,2026-05-29
GR00074,DC-CHI,COLA33,2026-05-11,2026-05-16
GR00075,DC-CHI,STILL15,2026-08-19,2026-08-27
GR00076,DC-CHI,TEA50,2026-02-23,2026-02-28
GR00077,DC-CHI,COLA33,2026-06-03,2026-06-11
GR00078,DC-CHI,STILL15,2025-09-21,2025-09-29
GR00079,DC-CHI,COLA33,2026-03-31,2026-04-05
GR00080,DC-CHI,SPARK10,2026-05-16,2026-05-24
GR00081,DC-EWR,COLA33,2026-08-26,2026-09-04
GR00082,DC-EWR,TEA50,2026-02-15,2026-02-22
GR00083,DC-EWR,TEA50,2026-06-11,2026-06-21
GR00084,DC-EWR,TEA50,2026-08-16,2026-08-26
GR00085,DC-EWR,STILL15,2026-02-19,2026-03-03
GR00086,DC-EWR,ENER25,2026-08-18,2026-08-26
GR00087,DC-EWR,SPARK10,2025-09-10,2025-09-20
GR00088,DC-EWR,STILL15,2026-07-31,2026-08-06
GR00089,DC-EWR,COLA33,2026-08-17,2026-08-24
GR00090,DC-EWR,ENER25,2026-01-14,2026-01-23
GR00091,DC-EWR,COLA33,2026-03-23,2026-03-31
GR00092,DC-EWR,TEA50,2026-03-19,2026-03-28
GR00093,DC-EWR,JUICE10,2025-11-23,2025-12-02
GR00094,DC-EWR,JUICE10,2025-10-20,2025-10-28
GR00095,DC-EWR,ENER25,2026-01-24,2026-01-31
GR00096,DC-EWR,SPARK10,2026-05-31,2026-06-07
GR00097,DC-EWR,SPARK10,2026-07-30,2026-08-07
GR00098,DC-EWR,STILL15,2026-01-27,2026-02-05
GR00099,DC-EWR,SPARK10,2026-08-12,2026-08-26
GR00100,DC-EWR,STILL15,2026-08-10,2026-08-15
GR00101,DC-EWR,TEA50,2026-02-28,2026-03-10
GR00102,DC-EWR,SPARK10,2026-05-28,2026-06-07
GR00103,DC-EWR,JUICE10,2026-08-20,2026-08-30
GR00104,DC-EWR,SPARK10,2026-07-27,2026-08-02
GR00105,DC-EWR,COLA33,2026-04-19,2026-04-29
GR00106,DC-EWR,TEA50,2026-05-07,2026-05-16
GR00107,DC-EWR,SPARK10,2026-03-01,2026-03-12
GR00108,DC-EWR,JUICE10,2026-08-21,2026-08-27
GR00109,DC-EWR,COLA33,2026-07-05,2026-07-12
GR00110,DC-EWR,STILL15,2026-05-30,2026-06-05
GR00111,DC-EWR,SPARK10,2025-12-06,2025-12-20
GR00112,DC-EWR,ENER25,2026-07-16,2026-07-22
GR00113,DC-EWR,TEA50,2026-07-27,2026-08-03
GR00114,DC-EWR,ENER25,2026-08-23,2026-08-25
GR00115,DC-EWR,TEA50,2025-11-13,2025-11-22
GR00116,DC-EWR,ENER25,2026-02-16,2026-02-25
GR00117,DC-EWR,STILL15,2025-12-19,2025-12-28
GR00118,DC-EWR,JUICE10,2025-12-17,2025-12-25
GR00119,DC-EWR,TEA50,2025-09-01,2025-09-09
GR00120,DC-EWR,COLA33,2026-04-05,2026-04-11
GR00121,DC-DFW,COLA33,2026-01-24,2026-01-31
GR00122,DC-DFW,JUICE10,2026-02-17,2026-02-27
GR00123,DC-DFW,COLA33,2026-03-03,2026-03-08
GR00124,DC-DFW,COLA33,2026-08-14,2026-08-22
GR00125,DC-DFW,JUICE10,2026-04-13,2026-04-18
GR00126,DC-DFW,TEA50,2026-05-24,2026-05-30
GR00127,DC-DFW,TEA50,2026-02-10,2026-02-12
GR00128,DC-DFW,SPARK10,2025-11-29,2025-12-06
GR00129,DC-DFW,COLA33,2026-02-22,2026-02-27
GR00130,DC-DFW,TEA50,2026-01-11,2026-01-17
GR00131,DC-DFW,STILL15,2026-05-19,2026-05-29
GR00132,DC-DFW,ENER25,2026-05-05,2026-05-11
GR00133,DC-DFW,STILL15,2026-01-19,2026-01-26
GR00134,DC-DFW,STILL15,2025-12-12,2025-12-19
GR00135,DC-DFW,ENER25,2025-11-29,2025-12-06
GR00136,DC-DFW,SPARK10,2026-07-03,2026-07-10
GR00137,DC-DFW,JUICE10,2025-09-09,2025-09-14
GR00138,DC-DFW,STILL15,2026-01-16,2026-01-21
GR00139,DC-DFW,TEA50,2026-03-14,2026-03-19
GR00140,DC-DFW,SPARK10,2026-05-10,2026-05-20
GR00141,DC-DFW,STILL15,2025-11-20,2025-11-27
GR00142,DC-DFW,ENER25,2025-11-03,2025-11-09
GR00143,DC-DFW,JUICE10,2026-05-25,2026-05-31
GR00144,DC-DFW,TEA50,2025-11-12,2025-11-20
GR00145,DC-DFW,SPARK10,2026-08-18,2026-08-22
GR00146,DC-DFW,COLA33,2026-02-05,2026-02-14
GR00147,DC-DFW,SPARK10,2026-05-16,2026-05-22
GR00148,DC-DFW,TEA50,2025-09-04,2025-09-12
GR00149,DC-DFW,COLA33,2026-03-01,2026-03-11
GR00150,DC-DFW,ENER25,2026-08-11,2026-08-21
GR00151,DC-DFW,COLA33,2025-11-29,2025-12-06
GR00152,DC-DFW,JUICE10,2026-05-17,2026-05-26
GR00153,DC-DFW,JUICE10,2025-10-12,2025-10-18
GR00154,DC-DFW,STILL15,2026-04-10,2026-04-15
GR00155,DC-DFW,TEA50,2026-03-22,2026-04-01
GR00156,DC-DFW,SPARK10,2025-12-20,2025-12-28
GR00157,DC-DFW,COLA33,2026-04-02,2026-04-09
GR00158,DC-DFW,TEA50,2025-12-09,2025-12-16
GR00159,DC-DFW,ENER25,2026-06-28,2026-07-03
GR00160,DC-DFW,JUICE10,2025-12-11,2025-12-16
GR00161,DC-LAX,ENER25,2026-04-29,2026-05-07
GR00162,DC-LAX,ENER25,2025-10-15,2025-10-23
GR00163,DC-LAX,COLA33,2026-02-05,2026-02-13
GR00164,DC-LAX,ENER25,2026-06-17,2026-06-25
GR00165,DC-LAX,SPARK10,2025-12-09,2025-12-17
GR00166,DC-LAX,SPARK10,2025-12-25,2026-01-01
GR00167,DC-LAX,ENER25,2025-11-25,2025-12-04
GR00168,DC-LAX,COLA33,2026-01-12,2026-01-19
GR00169,DC-LAX,SPARK10,2026-06-24,2026-07-01
GR00170,DC-LAX,STILL15,2025-09-20,2025-09-28
GR00171,DC-LAX,JUICE10,2025-09-30,2025-10-11
GR00172,DC-LAX,JUICE10,2025-11-07,2025-11-14
GR00173,DC-LAX,TEA50,2026-02-18,2026-02-27
GR00174,DC-LAX,ENER25,2026-03-30,2026-04-04
GR00175,DC-LAX,ENER25,2026-02-02,2026-02-10
GR00176,DC-LAX,JUICE10,2026-02-18,2026-02-24
GR00177,DC-LAX,TEA50,2026-03-24,2026-04-02
GR00178,DC-LAX,COLA33,2026-03-01,2026-03-08
GR00179,DC-LAX,SPARK10,2026-03-18,2026-03-26
GR00180,DC-LAX,TEA50,2026-07-22,2026-07-27
GR00181,DC-LAX,JUICE10,2025-09-29,2025-10-05
GR00182,DC-LAX,JUICE10,2025-12-08,2025-12-14
GR00183,DC-LAX,SPARK10,2025-11-12,2025-11-20
GR00184,DC-LAX,COLA33,2025-12-27,2026-01-04
GR00185,DC-LAX,TEA50,2026-08-01,2026-08-10
GR00186,DC-LAX,JUICE10,2026-07-28,2026-08-05
GR00187,DC-LAX,COLA33,2026-01-09,2026-01-19
GR00188,DC-LAX,SPARK10,2025-10-05,2025-10-14
GR00189,DC-LAX,STILL15,2026-07-23,2026-07-30
GR00190,DC-LAX,STILL15,2025-11-27,2025-12-03
GR00191,DC-LAX,ENER25,2026-01-05,2026-01-12
GR00192,DC-LAX,STILL15,2026-03-19,2026-03-28
GR00193,DC-LAX,STILL15,2026-04-30,2026-05-08
GR00194,DC-LAX,TEA50,2025-12-30,2026-01-07
GR00195,DC-LAX,TEA50,2025-10-14,2025-10-21
GR00196,DC-LAX,TEA50,2025-09-22,2025-09-30
GR00197,DC-LAX,SPARK10,2026-03-02,2026-03-10
GR00198,DC-LAX,JUICE10,2025-11-12,2025-11-20
GR00199,DC-LAX,COLA33,2026-05-15,2026-05-21
GR00200,DC-LAX,JUICE10,2026-01-27,2026-02-05
GR00201,DC-SEA,TEA50,2026-01-20,2026-01-27
GR00202,DC-SEA,ENER25,2026-04-23,2026-05-02
GR00203,DC-SEA,JUICE10,2026-06-26,2026-07-04
GR00204,DC-SEA,JUICE10,2026-06-21,2026-07-01
GR00205,DC-SEA,SPARK10,2025-09-12,2025-09-22
GR00206,DC-SEA,JUICE10,2025-11-11,2025-11-21
GR00207,DC-SEA,TEA50,2025-11-24,2025-12-01
GR00208,DC-SEA,TEA50,2025-12-23,2026-01-01
GR00209,DC-SEA,SPARK10,2026-04-30,2026-05-10
GR00210,DC-SEA,STILL15,2025-10-24,2025-11-03
GR00211,DC-SEA,STILL15,2026-06-24,2026-07-02
GR00212,DC-SEA,JUICE10,2026-02-10,2026-02-20
GR00213,DC-SEA,COLA33,2025-09-27,2025-10-06
GR00214,DC-SEA,ENER25,2026-01-14,2026-01-21
GR00215,DC-SEA,JUICE10,2026-04-15,2026-04-23
GR00216,DC-SEA,JUICE10,2026-05-19,2026-05-25
GR00217,DC-SEA,SPARK10,2026-01-09,2026-01-16
GR00218,DC-SEA,COLA33,2026-05-27,2026-06-07
GR00219,DC-SEA,SPARK10,2026-01-05,2026-01-13
GR00220,DC-SEA,JUICE10,2025-11-05,2025-11-13
GR00221,DC-SEA,TEA50,2025-10-28,2025-11-04
GR00222,DC-SEA,STILL15,2025-11-08,2025-11-16
GR00223,DC-SEA,TEA50,2026-01-18,2026-01-25
GR00224,DC-SEA,STILL15,2026-07-06,2026-07-13
GR00225,DC-SEA,JUICE10,2026-07-20,2026-07-28
GR00226,DC-SEA,ENER25,2026-06-29,2026-07-08
GR00227,DC-SEA,JUICE10,2025-10-06,2025-10-14
GR00228,DC-SEA,SPARK10,2026-08-02,2026-08-09
GR00229,DC-SEA,SPARK10,2025-11-08,2025-11-16
GR00230,DC-SEA,TEA50,2026-04-05,2026-04-13
GR00231,DC-SEA,COLA33,2025-09-13,2025-09-19
GR00232,DC-SEA,JUICE10,2026-04-18,2026-04-24
GR00233,DC-SEA,ENER25,2025-09-05,2025-09-14
GR00234,DC-SEA,JUICE10,2025-11-12,2025-11-23
GR00235,DC-SEA,COLA33,2026-01-23,2026-02-01
GR00236,DC-SEA,COLA33,2026-02-03,2026-02-12
GR00237,DC-SEA,COLA33,2026-03-26,2026-04-03
GR00238,DC-SEA,STILL15,2026-03-09,2026-03-18
GR00239,DC-SEA,JUICE10,2025-11-21,2025-11-29
GR00240,DC-SEA,COLA33,2026-06-09,2026-06-17
